"Scientific.Name","preGH","Last","Stem","Size","Leaf","GH"
"Abronia umbellata","H1FS","FS","H","2","F","H2F"
"Acacia aneura","T1BD","BD","T","1","BE","T1BE"
"Acacia cultriformis","T1BD","BD","T","1","BE","T1BE"
"Acacia redolens","S2BD","BD","S","2","BE","S2BE"
"Acacia verticillata","T1BD","BD","T","1","BE","T1BE"
"Annona cherimola","S2BD","BD","S","2","BE","S2BE"
"Annona montana","T1BD","BD","T","1","BE","T1BE"
"Aristolochia elegans","L.BE","BE","L",".","BD","L.BD"
"Isotrema reticulatum","H2F","F","H","2","FV","H2FV"
"Artemisia albicans","S1BE","BE","S","1","ME","S1ME"
"Artemisia inaequifolia","S1BE","BE","S","1","ME","S1ME"
"Artemisia nesiotica","S1BD","BD","S","1","ME","S1ME"
"Artemisia rigida","S1MD","MD","S","1","ME","S1ME"
"Artemisia ruthiae","S1BE","BE","S","1","ME","S1ME"
"Artemisia tripartita","S2MD","MD","S","1","ME","S1ME"
"Asarum wagneri","H2Fi","Fi","H","2","F","H2F"
"Asplenium verecundum","H2F","F","H","2","FE","H2FE"
"Asplenium X heteroresiliens","H.FE","FE","H","2","F","H2F"
"Atriplex corrugata","S1ME","ME","S","1","BE","S1BE"
"Atriplex falcata","S1BD","BD","S","1","BE","S1BE"
"Atriplex gardneri","S1MD","MD","S","1","BE","S1BE"
"Atriplex holocarpa","S1BD","BD","S","1","BE","S1BE"
"Atriplex nummularia","S2BD","BD","S","2","BE","S2BE"
"Atriplex X aptera","S1BD","BD","S","1","BE","S1BE"
"Baccharis glutinosa","S2BD","BD","S","2","BE","S2BE"
"Bauhinia multinervia","T.B","B","T","1","BE","T1BE"
"Bauhinia variegata","T1BD","BD","T","1","BE","T1BE"
"Begonia convolvulacea","H2FV","FV","H","2","F","H2F"
"Berberis X ottawensis","S2BD","BD","S","2","BE","S2BE"
"Bidens cosmoides","H2FV","FV","H","2","F","H2F"
"Telmatoblechnum serrulatum","H.FE","FE","H","2","F","H2F"
"Telmatoblechnum serrulatum","H.FE","FE","H","2","F","H2F"
"Mickelia nicotianifolia","H2FV","FV","H","2","F","H2F"
"Botrychium campestre var. lineare","H.FE","FE","H","2","F","H2F"
"Terminalia buceras","T2BES","BES","T","1","BE","T1BE"
"Erythrostemon gilliesii","T1BD","BD","T","1","BE","T1BE"
"Erythrostemon mexicanus","T1BD","BD","T","1","BE","T1BE"
"Erythrostemon mexicanus","T1BD","BD","T","1","BE","T1BE"
"Calliandra eriophylla","S1BE","BE","S","2","BD","S2BD"
"Calliandra purpurea","T1BD","BD","T","1","BE","T1BE"
"Calochortus flexuosus","H2FV","FV","H","2","F","H2F"
"Calochortus flexuosus","H2FV","FV","H","2","F","H2F"
"Calochortus flexuosus","H2FV","FV","H","2","F","H2F"
"Calochortus kennedyi","H2FV","FV","H","2","F","H2F"
"Calystegia atriplicifolia","H2F","F","H","2","FV","H2FV"
"Casearia decandra","T1BD","BD","T","1","BE","T1BE"
"Ceanothus cordulatus","S2BD","BD","S","2","BE","S2BE"
"Ceanothus fresnensis","S1BD","BD","S","2","BE","S2BE"
"Ceanothus impressus","S2BES","BES","S","2","BE","S2BE"
"Ceanothus papillosus","S2BD","BD","S","2","BE","S2BE"
"Ceanothus parvifolius","S1BD","BD","S","2","BE","S2BE"
"Ceanothus thyrsiflorus","S2BES","BES","S","2","BE","S2BE"
"Ceanothus thyrsiflorus","S2BES","BES","S","2","BE","S2BE"
"Ceanothus velutinus","S2BD","BD","S","2","BE","S2BE"
"Cecropia pachystachya","T.BD","BD","T","1","BE","T1BE"
"Celtis iguanaea","T1MD","MD","T","1","BD","T1BD"
"Chionanthus domingensis","T2BE","BE","T","1","BD","T1BD"
"Chrysothamnus scopulorum","S1BE","BE","S","1","BD","S1BD"
"Clematis addisonii","H2FV","FV","H","2","F","H2F"
"Clematis florida","L.BE","BE","L",".","BD","L.BD"
"Clematis recta","H2FV","FV","H","2","F","H2F"
"Clermontia carinifera","S2BE","BE","S","2","P","S2P"
"Nephroia carolina","L.BD","BD","L",".","BE","L.BE"
"Colubrina oppositifolia","T1BD","BD","T","1","BE","T1BE"
"Convolvulus pilosellifolius","H2F","F","H","2","FV","H2FV"
"Convolvulus tricolor","H2F","F","H","2","FV","H2FV"
"Copaifera officinalis","T.BE","BE","T","1","BD","T1BD"
"Cordia laevigata","T1BD","BD","T","1","BE","T1BE"
"Cordia sulcata","T2BD","BD","T","1","BE","T1BE"
"Cotoneaster divaricatus","S2BD","BD","S","2","BE","S2BE"
"Cotoneaster horizontalis","S1BD","BD","S","2","BE","S2BE"
"Cotoneaster microphyllus","S2BD","BD","S","2","BE","S2BE"
"Crassula colligata","H1F","F","H","1","FS","H1FS"
"Croton cascarilla","S2BE","BE","S","2","BD","S2BD"
"Croton poecilanthus","T1BE","BE","T","1","BD","T1BD"
"Cyclanthera stenura","H1F","F","H","1","FV","H1FV"
"Christella augescens","H.FE","FE","H","2","F","H2F"
"Christella dentata","H.FE","FE","H","2","F","H2F"
"Christella grandis","H.FE","FE","H","2","F","H2F"
"Christella quadrangularis","H.FE","FE","H","2","F","H2F"
"Christella normalis","H.FE","FE","H","2","F","H2F"
"Amblovenatum opulentum","H.FE","FE","H","2","F","H2F"
"Christella ovata var. ovata","H.FE","FE","H","2","F","H2F"
"Cyperus alopecuroides","H2GW","GW","H","2","GC","H2GC"
"Cyperus confertus","H2GW","GW","H","2","GC","H2GC"
"Cyperus congestus","H2GW","GW","H","2","GC","H2GC"
"Cyperus cyperinus","H2GW","GW","H","2","GC","H2GC"
"Cyperus cyperoides","H2GW","GW","H","2","GC","H2GC"
"Cyperus flexuosus","H2GW","GW","H","2","GC","H2GC"
"Cyperus fuligineus","H2GW","GW","H","2","GC","H2GC"
"Cyperus grayoides","H2GW","GW","H","2","GC","H2GC"
"Cyperus hillebrandii","H2GW","GW","H","2","GC","H2GC"
"Cyperus javanicus","H2GW","GW","H","2","GC","H2GC"
"Cyperus meyenianus","H2GW","GW","H","2","GC","H2GC"
"Cyperus phleoides","H2GW","GW","H","2","GC","H2GC"
"Cyperus sandwicensis","H2GW","GW","H","2","GC","H2GC"
"Cyperus subtenuis","H2GW","GW","H","2","GC","H2GC"
"Cyperus trachysanthos","H2GW","GW","H","2","GC","H2GC"
"Danaea racemosa","H.FE","FE","H","2","F","H2F"
"Delissea niihauensis","T.BE","BE","T","1","P","T1P"
"Dermatophyllum arizonicum","S2BE","BE","S","2","BD","S2BD"
"Desmodium heterophyllum","H2FV","FV","H","2","F","H2F"
"Dichelostemma volubile","H2FV","FV","H","2","F","H2F"
"Hexasepalum sarmentosum","H2FV","FV","H","2","F","H2F"
"Diospyros ebenum","T.BE","BE","T","1","BD","T1BD"
"Doliocarpus major","L.B","B","L",".","BE","L.BE"
"Dubautia arborea","T1BE","BE","T","1","P","T1P"
"Dubautia knudsenii","T1BE","BE","T","1","P","T1P"
"Dubautia reticulata","T1BE","BE","T","1","P","T1P"
"Dubautia scabra","S1BE","BE","S","2","P","S2P"
"Dubautia waialealae","S1BE","BE","S","2","P","S2P"
"Eleocharis confervoides","H2A","A","H","2","GC","H2GC"
"Encelia resinifera","S2MD","MD","S","2","BD","S2BD"
"Ericameria albida","S2MD","MD","S","2","BD","S2BD"
"Ericameria cervina","S1BD","BD","S","1","MD","S1MD"
"Ericameria ericoides","S2MD","MD","S","2","BD","S2BD"
"Ericameria fasciculata","S1BE","BE","S","2","BD","S2BD"
"Ericameria watsonii","S1BD","BD","S","1","MD","S1MD"
"Eriogonum cinereum","S1BD","BD","S","1","BE","S1BE"
"Eriogonum corymbosum","S1ME","ME","S","1","BE","S1BE"
"Eriogonum fasciculatum","S1MD","MD","S","1","BE","S1BE"
"Eriogonum heermannii","S1MD","MD","S","1","BE","S1BE"
"Eubotrys racemosa","S2BD","BD","S","2","BE","S2BE"
"Eucalyptus X mortoniana","T.BE","BE","T","2","BES","T2BES"
"Euphorbia celastroides","T1BD","BD","T","1","BE","T1BE"
"Euphorbia haeleeleana","T1BD","BD","T","1","BE","T1BE"
"Euphorbia petiolaris","T1BD","BD","T","1","BE","T1BE"
"Euphorbia skottsbergii","S1BD","BD","S","2","BE","S2BE"
"Euphorbia telephioides","H2FS","FS","H","2","F","H2F"
"Fendlera linearis","S2BE","BE","S","2","BD","S2BD"
"Ficus elastica","T2BES","BES","T","2","BE","T2BE"
"Ficus religiosa","T.BD","BD","T","1","BE","T1BE"
"Fimbristylis aestivalis","H1GW","GW","H","1","GC","H1GC"
"Galactia heterophylla","H2F","F","H","2","FV","H2FV"
"Galactia marginalis","H2F","F","H","2","FV","H2FV"
"Galactia microphylla","H2F","F","H","2","FV","H2FV"
"Garrya congdonii","T1BE","BE","T","1","BES","T1BES"
"Gaylussacia brachycera","S1BE","BE","S","1","BD","S1BD"
"Gossypium thurberi","T1BD","BD","T","1","BE","T1BE"
"Gossypium thurberi","T1BD","BD","T","1","BE","T1BE"
"Gratiola amphiantha","H1A","A","H","1","F","H1F"
"Grewia micrantha","S2BD","BD","S","2","BE","S2BE"
"Guapira obtusata","T.BD","BD","T","1","BE","T1BE"
"Hibiscus makinoi","S2BD","BD","S","2","BE","S2BE"
"Ilex myrtifolia","T1BE","BE","T","1","BD","T1BD"
"Inga ingoides","T.B","B","T","1","BD","T1BD"
"Isoetes tuckermanii ssp. acadiensis","H2A","A","H","2","GC","H2GC"
"Isoetes appalachiana","H2A","A","H","2","GC","H2GC"
"Isoetes junciformis","H.FE","FE","H","2","GC","H2GC"
"Isoetes riparia","H.A","A","H","2","FE","H2FE"
"Isoetes tennesseensis","H2A","A","H","2","FE","H2FE"
"Isoetes texana","H.FE","FE","H","2","GC","H2GC"
"Isoetes X brittonii","H.FE","FE","H","2","GC","H2GC"
"Kadua st-johnii","S2U","U","S","2","BE","S2BE"
"Lathyrus glandulosus","H2F","F","H","2","FV","H2FV"
"Lathyrus japonicus","H2F","F","H","2","FV","H2FV"
"Lathyrus inconspicuus","H1F","F","H","2","FV","H2FV"
"Lathyrus niger","H2F","F","H","2","FV","H2FV"
"Lathyrus nissolia","H1F","F","H","1","FV","H1FV"
"Limnophila indica","H2A","A","H","2","F","H2F"
"Lobelia gaudichaudii","S1BE","BE","S","2","P","S2P"
"Lobelia koolauensis","S1BE","BE","S","2","P","S2P"
"Lobelia yuccoides","S1BE","BE","S","2","P","S2P"
"Lonchocarpus glaucifolius","T.BE","BE","T","2","BD","T2BD"
"Lonicera X heckrottii","S2BE","BE","S","2","BD","S2BD"
"Lupinus arboreus","S1BE","BE","S","1","BD","S1BD"
"Lycium shockleyi","S2MD","MD","S","2","BD","S2BD"
"Matelea balbisii","H2F","F","H","2","FV","H2FV"
"Matelea brevicoronata","H2F","F","H","2","FV","H2FV"
"Matelea cynanchoides","H2F","F","H","2","FV","H2FV"
"Matelea woodsonii","H2F","F","H","2","FV","H2FV"
"Morella rubra","T.BD","BD","T","1","BE","T1BE"
"Osmundastrum claytonianum","H2F","F","H","2","FE","H2FE"
"Pandanus tectorius","T.BE","BE","T","2","P","T2P"
"Panicum bisulcatum","H1GC","GC","H","1","GW","H1GW"
"Kellochloa brachyantha","H1GC","GC","H","2","GW","H2GW"
"Panicum parvifolium","H2GC","GC","H","2","GW","H2GW"
"Amauropelta nevadensis","H2F","F","H","2","FE","H2FE"
"Passiflora tuberosa","H2FV","FV","H","2","F","H2F"
"Passiflora X belotii","H2FV","FV","H","2","F","H2F"
"Pelargonium peltatum","H2FV","FV","H","2","F","H2F"
"Phyllanthus orbicularis","S2BE","BE","S","2","BD","S2BD"
"Phyllostegia glabra","H2F","F","H","2","FV","H2FV"
"Phyllostegia haliakalae","H2F","F","H","2","FV","H2FV"
"Phyllostegia kaalaensis","H2F","F","H","2","FV","H2FV"
"Phyllostegia kahiliensis","H2F","F","H","2","FV","H2FV"
"Phyllostegia knudsenii","H2F","F","H","2","FV","H2FV"
"Phyllostegia micrantha","H2F","F","H","2","FV","H2FV"
"Phyllostegia mollis","H2F","F","H","2","FV","H2FV"
"Phyllostegia parviflora","H2F","F","H","2","FV","H2FV"
"Phyllostegia pilosa","H2F","F","H","2","FV","H2FV"
"Phyllostegia variabilis","H2F","F","H","2","FV","H2FV"
"Pisonia floridana","T1BD","BD","T","1","BE","T1BE"
"Pisonia grandis","T1BD","BD","T","1","BE","T1BE"
"Pisonia umbellifera","T1BD","BD","T","1","BE","T1BE"
"Pisonia wagneriana","T.BD","BD","T","1","BE","T1BE"
"Pleomele aurea","T1P","P","T","1","BE","T1BE"
"Plumeria alba","T1BE","BE","T","1","BD","T1BD"
"Badiera penaea","T1BE","BE","T","1","BD","T1BD"
"Prunus andersonii","S2MD","MD","S","2","BD","S2BD"
"Prunus lusitanica","T1BE","BE","T","1","BD","T1BD"
"Psorothamnus polydenius","S2MD","MD","S","2","BD","S2BD"
"Pteris tripartita","H.FE","FE","H","2","F","H2F"
"Quercus ajoensis","T1BE","BE","T","1","BD","T1BD"
"Quercus ajoensis","T1BE","BE","T","1","BD","T1BD"
"Quercus ajoensis","T1BE","BE","T","1","BD","T1BD"
"Quercus arizonica","T2BES","BES","T","1","BE","T1BE"
"Quercus chapmanii","T1BE","BE","T","1","BD","T1BD"
"Quercus engelmannii","T2BE","BE","T","2","BES","T2BES"
"Quercus geminata","T1BE","BE","T","1","BD","T1BD"
"Quercus ilex","T.BE","BE","T","2","BD","T2BD"
"Quercus kelloggii","T2BD","BD","T","2","BES","T2BES"
"Quercus kelloggii","T2BD","BD","T","2","BES","T2BES"
"Quercus myrtifolia","T1BE","BE","T","1","BD","T1BD"
"Quercus parvula","S2BE","BE","S","2","BES","S2BES"
"Quercus sadleriana","S2BE","BE","S","2","BES","S2BES"
"Quercus tardifolia","T1BE","BE","T","1","BD","T1BD"
"Quercus tomentella","T1BE","BE","T","2","BES","T2BES"
"Quercus vacciniifolia","S2BE","BE","S","2","BES","S2BES"
"Quercus viminea","T1BE","BE","T","1","BD","T1BD"
"Quercus welshii","S2BD","BD","S","2","BE","S2BE"
"Quercus X acutidens","T.BE","BE","T","1","BD","T1BD"
"Quercus X alvordiana","T.BE","BE","T","1","BD","T1BD"
"Quercus X macdonaldii","T.BE","BE","T","1","BD","T1BD"
"Quercus X townei","T.BE","BE","T","1","BD","T1BD"
"Ranunculus confervoides","H2A","A","H","2","F","H2F"
"Ranunculus lobbii","H1A","A","H","2","F","H2F"
"Endotropis crocea ssp. crocea","S2BES","BES","S","2","BD","S2BD"
"Endotropis crocea ssp. pirifolia","T1BES","BES","T","1","BD","T1BD"
"Rhododendron chapmanii","S2BE","BE","S","2","BD","S2BD"
"Rhododendron columbianum","S2BE","BE","S","2","BD","S2BD"
"Rhynchosia cytisoides","H2F","F","H","2","FV","H2FV"
"Ribes canthariforme","S2BD","BD","S","2","BE","S2BE"
"Ribes indecorum","S2BD","BD","S","2","BE","S2BE"
"Rosa sempervirens","S1BE","BE","S","1","BD","S1BD"
"Rosa sicula","S1BE","BE","S","1","BD","S1BD"
"Rosa X odorata","S2BE","BE","S","1","BD","S1BD"
"Rubus randolphiorum","S1BE","BE","S","1","BD","S1BD"
"Sagittaria ambigua","H2F","F","H","2","A","H2A"
"Sagittaria australis","H2F","F","H","2","A","H2A"
"Sagittaria kurziana","H2A","A","H","2","F","H2F"
"Salvia clevelandii","S1BE","BE","S","1","BD","S1BD"
"Salvia clevelandii","S1BE","BE","S","1","BD","S1BD"
"Salvia clevelandii","S1BE","BE","S","1","BD","S1BD"
"Salvia funerea","S1MD","MD","S","1","BD","S1BD"
"Schiedea attenuata","H2F","F","H","2","FV","H2FV"
"Schiedea hookeri","H2F","F","H","2","FV","H2FV"
"Schiedea kauaiensis","H2F","F","H","2","FV","H2FV"
"Schiedea verticillata","H2F","F","H","2","FV","H2FV"
"Selaginella corallina","H.FE","FE","H","2","F","H2F"
"Senna siamea","T2BES","BES","T","2","BD","T2BD"
"Serjania lucida","L.BD","BD","L",".","BE","L.BE"
"Setaria X ambigua","H.GC","GC","H","2","GW","H2GW"
"Solanum aviculare","S1BE","BE","S","1","BD","S1BD"
"Solanum ensifolium","S2BE","BE","S","2","BD","S2BD"
"Solanum rugosum","T1BE","BE","T","1","BD","T1BD"
"Spartina X caespitosa","H.GC","GC","H","2","GW","H2GW"
"Stylisma abdita","H2F","F","H","2","FV","H2FV"
"Tabebuia haemantha","T1BE","BE","T","1","BD","T1BD"
"Tabebuia rigida","T1BE","BE","T","1","BD","T1BD"
"Terminalia myriocarpa","T2BE","BE","T","2","BD","T2BD"
"Tetradymia tetrameres","S1MD","MD","S","1","BD","S1BD"
"Tripsacum fasciculatum","H2GW","GW","H","2","GC","H2GC"
"Utricularia stygia","H2F","F","H","2","A","H2A"
"Vaccinium calycinum","S2BD","BD","S","2","BE","S2BE"
"Vaccinium ovatum","S1BE","BE","S","1","BD","S1BD"
"Viburnum tinus","S2BE","BE","S","2","BD","S2BD"
"Vicia bithynica","H1F","F","H","1","FV","H1FV"
"Cochliasanthus caracalla","H2F","F","H","2","FV","H2FV"
"Xylorhiza venusta","S1ME","ME","S","1","BE","S1BE"
"Zanthoxylum coriaceum","S2BE","BE","S","2","BD","S2BD"
"Zanthoxylum punctatum","S2BD","BD","S","2","BE","S2BE"
"Sarcomphalus obtusifolius var. obtusifolius","T1MD","MD","T","1","BE","T1BE"
"Sarcomphalus obtusifolius var. obtusifolius","T1MD","MD","T","1","BE","T1BE"
"Sarcomphalus obtusifolius var. obtusifolius","T1MD","MD","T","1","BE","T1BE"
"Abarema macradenia","T.B","B","T","1","BE","T1BE"
"Abarema racemiflora","T.B","B","T","1","BE","T1BE"
"Abuta panamensis","L.B","B","L",".","BE","L.BE"
"Abuta racemosa","L.B","B","L",".","BE","L.BE"
"Abutilon dugesii","S.B","B","S","1","BE","S1BE"
"Abutilon dugesii","S.B","B","S","1","BE","S1BE"
"Abutilon glabriflorum","S.B","B","S","1","BE","S1BE"
"Acalypha cincta","S.B","B","S","1","BE","S1BE"
"Acalypha cincta","S.B","B","S","1","BE","S1BE"
"Acanthosyris annonagustata","T.B","B","T","1","BD","T1BD"
"Adenaria floribunda","S.B","B","S","2","BE","S2BE"
"Adenocalymma arthropetiolatum","L.B","B","L",".","BE","L.BE"
"Aegiphila anomala","T.B","B","T","1","BE","T1BE"
"Aegiphila cephalophora","L.B","B","L",".","BE","L.BE"
"Aegiphila falcata","T.BD","BD","T","1","BE","T1BE"
"Aegiphila falcata","T.BD","BD","T","1","BE","T1BE"
"Aegiphila filipes","S.B","B","S","2","BE","S2BE"
"Aegiphila mollis","T.B","B","T","1","BE","T1BE"
"Aegiphila trifida","T.B","B","T","1","BE","T1BE"
"Aeschynomene scabra","S.B","B","S","1","BD","S1BD"
"Aeschynomene scabra","S.B","B","S","1","BD","S1BD"
"Albizia tomentosa","T.B","B","T","1","BD","T1BD"
"Alchornea costaricensis","T.BD","BD","T","1","BE","T1BE"
"Alchornea grandis","T.B","B","T","1","BE","T1BE"
"Alfaroa costaricensis","T.B","B","T","1","BD","T1BD"
"Allophylus cominia","T.B","B","T","1","BE","T1BE"
"Allophylus gentryi","S.B","B","S","1","BE","S1BE"
"Allophylus jamaicensis","T.B","B","T","1","BE","T1BE"
"Alnus acuminata","T.B","B","T","1","BD","T1BD"
"Alternanthera brasiliana","H2FV","FV","H","2","F","H2F"
"Alternanthera brasiliana","H2FV","FV","H","2","F","H2F"
"Amanoa caribaea","T.B","B","T","1","BE","T1BE"
"Amelanchier pallida","S.B","B","S","2","BE","S2BE"
"Amicia zygomeris","S.B","B","S","2","BD","S2BD"
"Ampelocera macrocarpa","T.BE","BE","T","1","BD","T1BD"
"Andropogon bourgaei","H.G","G","H","2","GW","H2GW"
"Andropogon carinatus","H.G","G","H","2","GW","H2GW"
"Andropogon macrothrix","H.GC","GC","H","2","GW","H2GW"
"Andropogon urbanianus","H.G","G","H","2","GW","H2GW"
"Anemopaegma chrysoleucum","L.B","B","L",".","BE","L.BE"
"Anomospermum chloranthum","L.B","B","L",".","BD","L.BD"
"Anomospermum grandifolium","L.B","B","L",".","BD","L.BD"
"Anomospermum reticulatum","L.B","B","L",".","BD","L.BD"
"Anthurium rubrifructum","H.FV","FV","H","2","F","H2F"
"Argemone fruticosa","S.B","B","S","2","BE","S2BE"
"Argemone fruticosa","S.B","B","S","2","BE","S2BE"
"Aristolochia orbicularis","H.F","F","H","2","FV","H2FV"
"Aristolochia pilosa","L.B","B","L",".","BD","L.BD"
"Isotrema serpentarium","H2F","F","H","2","FV","H2FV"
"Aspidosperma cuspa","T.B","B","T","1","BD","T1BD"
"Aspidosperma excelsum","T.BE","BE","T","1","BD","T1BD"
"Asplenium anisophyllum","H.FE","FE","H","2","F","H2F"
"Asplenium cuneatum","H.FE","FE","H","2","F","H2F"
"Asplenium lividum","H.FE","FE","H","2","F","H2F"
"Asplenium theciferum","H.FE","FE","H","2","F","H2F"
"Astianthus viminalis","T.B","B","T","1","BE","T1BE"
"Ateleia herbert-smithii","T.B","B","T","1","BE","T1BE"
"Athyrium americanum","H2F","F","H","2","FE","H2FE"
"Baccharis glutinosa","S2BD","BD","S","1","BE","S1BE"
"Baccharis scoparia","S.B","B","S","1","BE","S1BE"
"Balizia elegans","T.BD","BD","T","1","BE","T1BE"
"Banisteriopsis muricata","L.B","B","L",".","BE","L.BE"
"Batocarpus costaricensis","T.B","B","T","1","BE","T1BE"
"Bauhinia herrerae","T.B","B","T","1","BE","T1BE"
"Bauhinia reflexa","L.B","B","L",".","BE","L.BE"
"Bauhinia ungulata","S.B","B","S","2","BE","S2BE"
"Berberis nigricans","S2BD","BD","S","2","BE","S2BE"
"Berberis pinifolia","S.B","B","S","2","BE","S2BE"
"Berberis pinifolia","S.B","B","S","2","BE","S2BE"
"Berberis quinquefolia","S.B","B","S","2","BE","S2BE"
"Berberis quinquefolia","S.B","B","S","2","BE","S2BE"
"Bernardia mexicana","T.B","B","T","1","BE","T1BE"
"Bernardia mexicana","T.B","B","T","1","BE","T1BE"
"Bernardia spongiosa","S.BD","BD","S","2","BE","S2BE"
"Besleria lutea","S.B","B","S","2","BE","S2BE"
"Bidens shrevei","S.B","B","S","2","BE","S2BE"
"Bocconia arborea","T.B","B","T","1","BE","T1BE"
"Bocconia arborea","T.B","B","T","1","BE","T1BE"
"Boehmeria caudata","S.B","B","S","2","BE","S2BE"
"Bourreria andrieuxii","T.BD","BD","T","1","BE","T1BE"
"Bouvardia erecta","S.B","B","S","2","BE","S2BE"
"Brickellia scoparia","S.B","B","S","2","BD","S2BD"
"Brickellia scoparia","S.B","B","S","2","BD","S2BD"
"Bromus richardsonii","H.G","G","H","2","GC","H2GC"
"Bromus richardsonii","H.G","G","H","2","GC","H2GC"
"Brongniartia alamosana","T.B","B","T","1","BE","T1BE"
"Bunchosia argentea","T.B","B","T","1","BE","T1BE"
"Bunchosia palmeri","T.B","B","T","1","BE","T1BE"
"Bunchosia palmeri","T.B","B","T","1","BE","T1BE"
"Bursera confusa","S.B","B","S","2","BD","S2BD"
"Bursera grandifolia","T.B","B","T","1","BE","T1BE"
"Bursera graveolens","T.B","B","T","1","BE","T1BE"
"Bursera heteresthes","T.B","B","T","1","BE","T1BE"
"Bursera instabilis","T.B","B","T","1","BE","T1BE"
"Bursera morelensis","T.B","B","T","1","BE","T1BE"
"Bursera fagaroides","T.BD","BD","T","1","BE","T1BE"
"Ayenia aculeata","L.B","B","L",".","BE","L.BE"
"Coulteria pumila","S.BD","BD","S","2","BE","S2BE"
"Coulteria pumila","S.BD","BD","S","2","BE","S2BE"
"Calea prunifolia","S.B","B","S","2","BE","S2BE"
"Calliandra coriacea","T.BD","BD","T","1","BE","T1BE"
"Calliandra guildingii","T.B","B","T","1","BE","T1BE"
"Calliandra trinervia","T.B","B","T","1","BE","T1BE"
"Callicarpa ferruginea","S.B","B","S","2","BD","S2BD"
"Caryocar amygdaliferum","T.B","B","T","1","BE","T1BE"
"Caryocar costaricense","T.B","B","T","1","BE","T1BE"
"Caryocar nuciferum","T.B","B","T","1","BE","T1BE"
"Casearia corymbosa","T.BD","BD","T","1","BE","T1BE"
"Piparea multiflora","T.B","B","T","1","BE","T1BE"
"Casimirella ampla","L.B","B","L",".","BE","L.BE"
"Castilleja lineariloba","H.F","F","H","2","Fi","H2Fi"
"Cedrela angustifolia","S.B","B","S","2","BE","S2BE"
"Cedrela angustifolia","S.B","B","S","2","BE","S2BE"
"Cedrela oaxacensis","S.B","B","S","2","BE","S2BE"
"Cedrela oaxacensis","S.B","B","S","2","BE","S2BE"
"Cedrela tonduzii","S.B","B","S","2","BE","S2BE"
"Cedrela tonduzii","S.B","B","S","2","BE","S2BE"
"Cercocarpus fothergilloides","S.B","B","S","2","BE","S2BE"
"Cercocarpus mojadensis","T.B","B","T","1","BD","T1BD"
"Cercocarpus mojadensis","T.B","B","T","1","BD","T1BD"
"Cestrum reflexum","T.B","B","T","1","BE","T1BE"
"Chaetocarpus globosus","T.B","B","T","1","BE","T1BE"
"Chimarrhis cymosa","T.B","B","T","1","BE","T1BE"
"Chomelia psilocarpa","L.B","B","L",".","BE","L.BE"
"Chondrodendron tomentosum","L.B","B","L",".","BE","L.BE"
"Christiana africana","S.B","B","S","1","BE","S1BE"
"Chrysophyllum lucentifolium","T.B","B","T","1","BE","T1BE"
"Cissampelos tropaeolifolia","L.B","B","L",".","BE","L.BE"
"Cissus alata","L.B","B","L",".","BE","L.BE"
"Calyptridium paniculatum","H1F","F","H","1","FS","H1FS"
"Calyptridium pulchellum","H1F","F","H","1","FS","H1FS"
"Calyptridium pygmaeum","H1F","F","H","1","FS","H1FS"
"Calyptridium quadripetalum","H1F","F","H","1","FS","H1FS"
"Calyptridium roseum","H1F","F","H","1","FS","H1FS"
"Lewisiopsis tweedyi","H2F","F","H","1","FS","H1FS"
"Citharexylum oleinum","S.B","B","S","2","BE","S2BE"
"Citharexylum oleinum","S.B","B","S","2","BE","S2BE"
"Cleome parviflora","S.B","B","S","2","BE","S2BE"
"Clethra alexandri","T.B","B","T","1","BE","T1BE"
"Clethra conzattiana","T.B","B","T","1","BD","T1BD"
"Clethra conzattiana","T.B","B","T","1","BD","T1BD"
"Miconia dependens","S.B","B","S","2","BE","S2BE"
"Miconia dependens","S.B","B","S","2","BE","S2BE"
"Clidemia collina","S.B","B","S","2","BE","S2BE"
"Clidemia plumosa","T.B","B","T","1","BE","T1BE"
"Clitoria javitensis","L.B","B","L",".","BE","L.BE"
"Cnestidium rufescens","L.B","B","L",".","BE","L.BE"
"Cnidoscolus elasticus","T.B","B","T","1","BE","T1BE"
"Cnidoscolus tubulosus","S.B","B","S","2","BE","S2BE"
"Cnidoscolus tubulosus","S.B","B","S","2","BE","S2BE"
"Cobaea scandens","L.B","B","L",".","BD","L.BD"
"Coccoloba acuminata","S.B","B","S","2","BE","S2BE"
"Coccoloba caracasana","T.B","B","T","1","BD","T1BD"
"Coccoloba johnstonii","T.B","B","T","2","BE","T2BE"
"Coccoloba lehmannii","T.B","B","T","1","BE","T1BE"
"Coccoloba manzinellensis","T.B","B","T","2","BE","T2BE"
"Coccoloba parimensis","L.B","B","L",".","BE","L.BE"
"Colubrina triflora","T.B","B","T","1","BE","T1BE"
"Combretum cacoucia","L.B","B","L",".","BE","L.BE"
"Combretum fruticosum","L.B","B","L",".","BE","L.BE"
"Miconia subhirsuta","T.B","B","T","1","BE","T1BE"
"Conostegia montana","T.B","B","T","1","BE","T1BE"
"Conostegia montana","T.B","B","T","1","BE","T1BE"
"Conostegia pyxidata","S.B","B","S","2","BE","S2BE"
"Conostegia speciosa","S.B","B","S","2","BE","S2BE"
"Conostegia xalapensis","S.B","B","S","2","BE","S2BE"
"Conostegia xalapensis","S.B","B","S","2","BE","S2BE"
"Copaifera aromatica","T.BE","BE","T","1","BD","T1BD"
"Cordia dodecandra","T.B","B","T","1","BE","T1BE"
"Cordia dodecandra","T.B","B","T","1","BE","T1BE"
"Cordia elliptica","T.B","B","T","1","BE","T1BE"
"Cordia sonorae","T.B","B","T","1","BE","T1BE"
"Cordia troyana","T.B","B","T","1","BE","T1BE"
"Leptosyne maritima","S1BE","BE","S","1","ME","S1ME"
"Leptosyne maritima","S1BE","BE","S","1","ME","S1ME"
"Cornus peruviana","S.B","B","S","2","BD","S2BD"
"Coussapoa parviceps","T.B","B","T","1","BE","T1BE"
"Coussapoa parvifolia","T.B","B","T","1","BE","T1BE"
"Coussarea paniculata","T.B","B","T","1","BE","T1BE"
"Coutaportla ghiesbreghtiana","S.B","B","S","2","BE","S2BE"
"Crataegus coccinea","S.B","B","S","2","BD","S2BD"
"Crataegus mexicana","T.B","B","T","1","BD","T1BD"
"Crataegus mexicana","T.B","B","T","1","BD","T1BD"
"Crotalaria nitens","S.B","B","S","2","BD","S2BD"
"Croton glabellus","S.B","B","S","2","BD","S2BD"
"Croton linearis","S2BE","BE","S","2","BD","S2BD"
"Croton matourensis","T.B","B","T","1","BE","T1BE"
"Croton pseudoniveus","T.B","B","T","1","BE","T1BE"
"Croton smithianus","S.BE","BE","S","2","BD","S2BD"
"Crudia glaberrima","T.B","B","T","1","BE","T1BE"
"Cupania hirsuta","T.B","B","T","1","BE","T1BE"
"Cuscuta chinensis","H.i","i","H","2","Fi","H2Fi"
"Cynometra bauhiniifolia","T.BE","BE","T","1","BD","T1BD"
"Cyperus odoratus","H2GW","GW","H","2","GC","H2GC"
"Cyperus lupulinus var. lupulinus","H2GW","GW","H","2","GC","H2GC"
"Cyperus laxus","H.G","G","H","2","GC","H2GC"
"Cyperus odoratus","H2GW","GW","H","2","GC","H2GC"
"Cyperus obtusatus","H2GW","GW","H","2","GC","H2GC"
"Remirea maritima","H2GW","GW","H","2","GC","H2GC"
"Remirea maritima","H2GW","GW","H","2","GC","H2GC"
"Cyperus subumbellatus","H.G","G","H","2","GC","H2GC"
"Cyrtocarpa procera","T.B","B","T","1","BE","T1BE"
"Dalbergia frutescens","T.B","B","T","1","BE","T1BE"
"Dalbergia retusa","T.BD","BD","T","1","BE","T1BE"
"Danaea wendlandii","H.FE","FE","H","2","F","H2F"
"Daphnopsis occidentalis","T.B","B","T","1","BE","T1BE"
"Davilla kunthii","L.B","B","L",".","BE","L.BE"
"Davilla kunthii","L.B","B","L",".","BE","L.BE"
"Davilla nitida","L.B","B","L",".","BE","L.BE"
"Declieuxia fruticosa","S.B","B","S","2","BE","S2BE"
"Declieuxia fruticosa","S.B","B","S","2","BE","S2BE"
"Dendrophthora ambigua","S.B","B","S","1","Bi","S1Bi"
"Dichapetalum axillare","T.BD","BD","T","1","BE","T1BE"
"Dilodendron elegans","T.B","B","T","1","BD","T1BD"
"Dioclea guianensis","L.B","B","L",".","BE","L.BE"
"Diospyros artanthifolia","T.BE","BE","T","1","BD","T1BD"
"Diospyros bumelioides","T.BD","BD","T","1","BE","T1BE"
"Diospyros tetrasperma","T.BE","BE","T","1","BD","T1BD"
"Diospyros digyna","T.BE","BE","T","1","BD","T1BD"
"Diospyros inconstans","T.BE","BE","T","1","BD","T1BD"
"Diplazium macrophyllum","H.FE","FE","H","2","F","H2F"
"Dipteryx oleifera","T.B","B","T","1","BE","T1BE"
"Ditaxis polygama","S2BD","BD","S","2","BE","S2BE"
"Dodonaea angustifolia","S.B","B","S","1","BE","S1BE"
"Doliocarpus dentatus","L.B","B","L",".","BE","L.BE"
"Doliocarpus multiflorus","L.B","B","L",".","BE","L.BE"
"Dussia mexicana","T.BE","BE","T","1","BD","T1BD"
"Ecclinusa lanceolata","T.B","B","T","1","BE","T1BE"
"Ehretia latifolia","S.B","B","S","2","BE","S2BE"
"Ehretia latifolia","S.B","B","S","2","BE","S2BE"
"Ekmanianthe actinophylla","T.B","B","T","1","BE","T1BE"
"Elaeagia auriculata","S.B","B","S","2","BE","S2BE"
"Elaphoglossum gayanum","H.FE","FE","H","2","F","H2F"
"Eleocharis minima","H1GW","GW","H","2","GC","H2GC"
"Elymus cordilleranus","H.G","G","H","2","GC","H2GC"
"Erythrina costaricensis","T.BE","BE","T","1","BD","T1BD"
"Erythroxylum amazonicum","T.B","B","T","1","BE","T1BE"
"Erythroxylum mexicanum","S.B","B","S","2","BE","S2BE"
"Euphorbia fulgens","S.B","B","S","2","BD","S2BD"
"Euphorbia schlechtendalii","S.B","B","S","2","BE","S2BE"
"Euphorbia tithymaloides","S.B","B","S","2","BE","S2BE"
"Euphrasia ostenfeldii","H.F","F","H","1","Fi","H1Fi"
"Exostema mexicanum","T.B","B","T","1","BE","T1BE"
"Eysenhardtia polystachya","S.B","B","S","2","BD","S2BD"
"Faramea glandulosa","T.B","B","T","1","BE","T1BE"
"Faramea glandulosa","T.B","B","T","1","BE","T1BE"
"Ferdinandusa panamensis","T.B","B","T","1","BE","T1BE"
"Ficus colubrinae","T.B","B","T","1","BE","T1BE"
"Ficus donnell-smithii","T.B","B","T","1","BE","T1BE"
"Ficus nymphaeifolia","T.B","B","T","1","BE","T1BE"
"Ficus paraensis","T.B","B","T","1","BE","T1BE"
"Ficus pertusa","T.B","B","T","1","BE","T1BE"
"Ficus pertusa","T.B","B","T","1","BE","T1BE"
"Forsteronia acouci","L.B","B","L",".","BE","L.BE"
"Forsteronia acouci","L.B","B","L",".","BE","L.BE"
"Fouquieria formosa","S.B","B","S","2","BD","S2BD"
"Galactia jussiaeana","S.B","B","S","1","BE","S1BE"
"Garcia nutans","T.B","B","T","1","BE","T1BE"
"Garcia nutans","T.B","B","T","1","BE","T1BE"
"Gesneria alpina","T.B","B","T","1","BE","T1BE"
"Gesneria calycina","S.B","B","S","1","BE","S1BE"
"Gloeospermum sphaerocarpum","T.B","B","T","1","BE","T1BE"
"Nahuatlea purpusii","S.B","B","S","2","BE","S2BE"
"Guettarda crispiflora","T.B","B","T","1","BE","T1BE"
"Gyrocarpus americanus","T.BD","BD","T","1","BE","T1BE"
"Gyrotaenia microcarpa","T.B","B","T","1","BE","T1BE"
"Gyrotaenia spicata","T.B","B","T","1","BE","T1BE"
"Hamelia rostrata","S.B","B","S","2","BE","S2BE"
"Hamelia rostrata","S.B","B","S","2","BE","S2BE"
"Heisteria acuminata","T.BE","BE","T","1","Bi","T1Bi"
"Heisteria concinna","T.BE","BE","T","1","Bi","T1Bi"
"Heisteria scandens","L.B","B","L",".","BE","L.BE"
"Heliocarpus pallidus","T.BD","BD","T","1","BE","T1BE"
"Heliocarpus tomentosus","T.B","B","T","1","BE","T1BE"
"Hernandia catalpifolia","T.B","B","T","1","BE","T1BE"
"Heteropterys panamensis","L.B","B","L",".","BE","L.BE"
"Hieronyma clusioides","T.B","B","T","1","BE","T1BE"
"Hiraea faginea","L.B","B","L",".","BE","L.BE"
"Hiraea grandifolia","L.B","B","L",".","BE","L.BE"
"Hiraea reclinata","L.B","B","L",".","BE","L.BE"
"Hirtella davisii","T.B","B","T","1","BE","T1BE"
"Hirtella paniculata","T.B","B","T","1","BE","T1BE"
"Hirtella tubiflora","S.B","B","S","2","BE","S2BE"
"Hura polyandra","T.B","B","T","1","BE","T1BE"
"Hydrangea peruviana","L.B","B","L",".","BE","L.BE"
"Hylenaea praecelsa","L.B","B","L",".","BE","L.BE"
"Hyperbaena prioriana","T.B","B","T","1","BE","T1BE"
"Ilex harrisii","T.B","B","T","1","BE","T1BE"
"Inga acreana","T.BE","BE","T","1","BD","T1BD"
"Inga acuminata","T.BE","BE","T","1","BD","T1BD"
"Inga aestuariorum","T.BE","BE","T","1","BD","T1BD"
"Inga barbourii","T.BD","BD","T","1","BE","T1BE"
"Inga calderonii","T.BD","BD","T","1","BE","T1BE"
"Inga capitata","T.BE","BE","T","1","BD","T1BD"
"Inga ciliata","T.B","B","T","1","BD","T1BD"
"Inga cocleensis","T.BE","BE","T","1","BD","T1BD"
"Inga coruscans","T.BE","BE","T","1","BD","T1BD"
"Inga cylindrica","T.BE","BE","T","1","BD","T1BD"
"Inga glomeriflora","T.B","B","T","1","BD","T1BD"
"Inga goldmanii","T.BE","BE","T","1","BD","T1BD"
"Inga hayesii","T.B","B","T","1","BD","T1BD"
"Inga heterophylla","T.BE","BE","T","1","BD","T1BD"
"Inga jinicuil","T.BE","BE","T","1","BD","T1BD"
"Inga laevigata","T.BE","BE","T","1","BD","T1BD"
"Inga mortoniana","T.BE","BE","T","1","BD","T1BD"
"Inga mucuna","T.BE","BE","T","1","BD","T1BD"
"Inga oerstediana","T.B","B","T","2","BE","T2BE"
"Inga oerstediana","T.B","B","T","2","BE","T2BE"
"Inga pauciflora","T.B","B","T","1","BD","T1BD"
"Inga pavoniana","T.BE","BE","T","1","BD","T1BD"
"Inga pezizifera","T.BE","BE","T","1","BD","T1BD"
"Inga pinetorum","T.BD","BD","T","2","BE","T2BE"
"Inga nobilis ssp. quaternata","T1BE","BE","T","1","BD","T1BD"
"Inga rubiginosa","T.BE","BE","T","1","BD","T1BD"
"Inga ruiziana","T.BE","BE","T","1","BD","T1BD"
"Inga spectabilis","T.BE","BE","T","1","BD","T1BD"
"Inga tonduzii","T.BE","BE","T","1","BD","T1BD"
"Inga umbellifera","T.BE","BE","T","1","BD","T1BD"
"Ipomoea arborescens","T.B","B","T","1","BE","T1BE"
"Ipomoea arborescens","T.B","B","T","1","BE","T1BE"
"Ipomoea intrapilosa","S.B","B","S","2","BE","S2BE"
"Ipomoea lobata","L.B","B","L",".","BE","L.BE"
"Aniseia luxurians","L.B","B","L",".","BE","L.BE"
"Isertia haenkeana","T.B","B","T","1","BE","T1BE"
"Jacaranda copaia","T.BE","BE","T","1","BD","T1BD"
"Jatropha cordata","T.B","B","T","1","BE","T1BE"
"Jatropha cordata","T.B","B","T","1","BE","T1BE"
"Jatropha divaricata","T.B","B","T","1","BE","T1BE"
"Juglans pyriformis","T.BE","BE","T","1","BD","T1BD"
"Juglans pyriformis","T.BE","BE","T","1","BD","T1BD"
"Justicia graciliflora","L.B","B","L",".","BE","L.BE"
"Karwinskia calderonii","S.B","B","S","1","BD","S1BD"
"Krameria cytisoides","S.B","B","S","1","BD","S1BD"
"Lachemilla verticillata","S.B","B","S","2","BD","S2BD"
"Laxoplumeria tessmannii","T.B","B","T","1","BE","T1BE"
"Leandra longicoma","S.B","B","S","2","BE","S2BE"
"Leretia cordata","L.B","B","L",".","BE","L.BE"
"Lisianthius latifolius","S.B","B","S","2","BE","S2BE"
"Lonchocarpus cruentus","T.BE","BE","T","2","BD","T2BD"
"Ludwigia grandiflora ssp. hexapetala","H2A","A","H","2","F","H2F"
"Ludwigia nervosa","S.B","B","S","1","BE","S1BE"
"Ludwigia nervosa","S.B","B","S","1","BE","S1BE"
"Machaerium isadelphum","S.B","B","S","2","BD","S2BD"
"Machaerium isadelphum","S.B","B","S","2","BD","S2BD"
"Machaerium kegelii","L.B","B","L",".","BE","L.BE"
"Machaerium milleflorum","L.B","B","L",".","BE","L.BE"
"Machaonia hahniana","S.B","B","S","2","BE","S2BE"
"Maclura brasiliensis","T.B","B","T","1","BE","T1BE"
"Manihot brachyloba","S.B","B","S","2","BE","S2BE"
"Manihot rubricaulis","T.B","B","T","1","BE","T1BE"
"Manihot rubricaulis","T.B","B","T","1","BE","T1BE"
"Mansoa hymenaea","L.B","B","L",".","BE","L.BE"
"Mansoa hymenaea","L.B","B","L",".","BE","L.BE"
"Marcgravia nepenthoides","L.B","B","L",".","BE","L.BE"
"Matisia ochrocalyx","T.B","B","T","1","BE","T1BE"
"Mayna odorata","T.B","B","T","1","BE","T1BE"
"Mendoncia costaricana","H.FV","FV","H","2","F","H2F"
"Mendoncia tonduzii","H.FV","FV","H","2","F","H2F"
"Miconia centrodesma","T.B","B","T","1","BE","T1BE"
"Miconia chrysophylla","S.B","B","S","2","BE","S2BE"
"Miconia chrysophylla","S.B","B","S","2","BE","S2BE"
"Miconia dorsiloba","T.B","B","T","1","BE","T1BE"
"Micropholis melinoniana","T.B","B","T","1","BE","T1BE"
"Mikania parviflora","S.B","B","S","1","BE","S1BE"
"Mimosa tenuiflora","S.BE","BE","S","2","BD","S2BD"
"Morella pubescens","S.B","B","S","2","BE","S2BE"
"Mosquitoxylum jamaicense","T.B","B","T","1","BE","T1BE"
"Morella caroliniensis","S2BE","BE","S","2","BD","S2BD"
"Myroxylon balsamum","T.B","B","T","1","BD","T1BD"
"Nolina durangensis","S.B","B","S","1","P","S1P"
"Nolina matapensis","S.B","B","S","1","P","S1P"
"Ocotea insularis","T.B","B","T","1","BE","T1BE"
"Odontadenia semidigyna","L.B","B","L",".","BE","L.BE"
"Odontadenia semidigyna","L.B","B","L",".","BE","L.BE"
"Odontadenia puncticulosa","L.B","B","L",".","BE","L.BE"
"Omphalea diandra","L.B","B","L",".","BE","L.BE"
"Omphalea triandra","S.B","B","S","2","BE","S2BE"
"Ormosia intermedia","T.BD","BD","T","1","BE","T1BE"
"Ottoschulzia domingensis","L.B","B","L",".","BE","L.BE"
"Pachira quinata","T.BE","BE","T","1","BD","T1BD"
"Pachyptera kerere","L.B","B","L",".","BE","L.BE"
"Paullinia alata","L.B","B","L",".","BE","L.BE"
"Paullinia bracteosa","L.B","B","L",".","BE","L.BE"
"Paullinia obovata","L.B","B","L",".","BE","L.BE"
"Paullinia pterocarpa","L.B","B","L",".","BE","L.BE"
"Paullinia rugosa","L.B","B","L",".","BE","L.BE"
"Paullinia turbacensis","L.B","B","L",".","BE","L.BE"
"Pausandra trianae","T.B","B","T","1","BE","T1BE"
"Paypayrola grandiflora","T.B","B","T","1","BE","T1BE"
"Paypayrola longifolia","T.B","B","T","1","BE","T1BE"
"Peltogyne purpurea","T.B","B","T","1","BE","T1BE"
"Penstemon gentianoides","S.B","B","S","1","BE","S1BE"
"Penstemon hartwegii","S.B","B","S","1","BD","S1BD"
"Pentagonia parvifolia","T.B","B","T","1","BE","T1BE"
"Perebea angustifolia","T.BD","BD","T","1","BE","T1BE"
"Pereskia marcanoi","T.U","U","T","1","BD","T1BD"
"Pereskia portulacifolia","T.U","U","T","1","BD","T1BD"
"Peritassa laevigata","L.B","B","L",".","BE","L.BE"
"Philodendron pterotum","H.F","F","H","2","FV","H2FV"
"Phoradendron carneum","S.B","B","S","2","BD","S2BD"
"Phyllanthus brasiliensis","T.B","B","T","1","BD","T1BD"
"Phyllanthus cuneifolius","S2BE","BE","S","2","BD","S2BD"
"Pinochia corymbosa","L.B","B","L",".","BE","L.BE"
"Piper carrilloanum","S.B","B","S","2","BE","S2BE"
"Piper darienense","S.B","B","S","2","BE","S2BE"
"Piper multiplinervium","L.B","B","L",".","BE","L.BE"
"Piper pseudofuligineum","S.B","B","S","2","BE","S2BE"
"Piper pseudofuligineum","S.B","B","S","2","BE","S2BE"
"Piper schiedeanum","S.B","B","S","2","BE","S2BE"
"Piper tuberculatum","S.B","B","S","2","BE","S2BE"
"Piper urostachyum","S.B","B","S","2","BE","S2BE"
"Piptocoma discolor","T.B","B","T","1","BE","T1BE"
"Pittoniotis trichantha","T.B","B","T","1","BE","T1BE"
"Platymiscium pinnatum","T.BD","BD","T","2","BE","T2BE"
"Pleradenophora tuerckheimiana","T.B","B","T","1","BE","T1BE"
"Pleradenophora tuerckheimiana","T.B","B","T","1","BE","T1BE"
"Podachaenium eminens","T.B","B","T","1","BE","T1BE"
"Podachaenium eminens","T.B","B","T","1","BE","T1BE"
"Pourouma melinonii","T.B","B","T","1","BE","T1BE"
"Pradosia atroviolacea","T.B","B","T","1","BE","T1BE"
"Protium confusum","T.B","B","T","1","BE","T1BE"
"Prunus lundelliana","T.BE","BE","T","1","BD","T1BD"
"Prunus ilicifolia ssp. lyonii","T1BE","BE","T","1","BD","T1BD"
"Pseudima frutescens","T.B","B","T","1","BE","T1BE"
"Pseudobombax ellipticum","T.B","B","T","1","BE","T1BE"
"Pseudolmedia rigida","T.BD","BD","T","1","BE","T1BE"
"Pseudopiptadenia suaveolens","T.B","B","T","1","BE","T1BE"
"Pterocarpus hayesii","T.B","B","T","1","BE","T1BE"
"Pterocarpus violaceus","T.BD","BD","T","1","BE","T1BE"
"Pterostemon rotundifolius","S.B","B","S","2","BD","S2BD"
"Quararibea parvifolia","T.BD","BD","T","1","BE","T1BE"
"Quercus benthamii","T.BE","BE","T","1","BD","T1BD"
"Quercus benthamii","T.BE","BE","T","1","BD","T1BD"
"Quercus corrugata","T.BE","BE","T","1","BD","T1BD"
"Quercus cortesii","T.BE","BE","T","1","BD","T1BD"
"Quercus lancifolia","T.BE","BE","T","1","BD","T1BD"
"Quercus corrugata","T.BE","BE","T","1","BD","T1BD"
"Quercus purulhana","T.BE","BE","T","1","BD","T1BD"
"Quercus skinneri","T.BE","BE","T","1","BD","T1BD"
"Brunnichia ovata","L.BD","BD","L",".","BE","L.BE"
"Endotropis crocea ssp. pilosa","T1BE","BE","T","1","BD","T1BD"
"Rhynchosia nelsonii","H.F","F","H","2","FV","H2FV"
"Rhynchospora exaltata","H.G","G","H","2","GC","H2GC"
"Rinorea paniculata","T.B","B","T","1","BE","T1BE"
"Rinorea squamata","T.B","B","T","1","BE","T1BE"
"Rinorea viridifolia","T.B","B","T","1","BE","T1BE"
"Roucheria columbiana","T.B","B","T","1","BE","T1BE"
"Ruagea insignis","T.B","B","T","1","BE","T1BE"
"Rubus pringlei","S.B","B","S","1","BD","S1BD"
"Sabicea panamensis","L.BD","BD","L",".","BE","L.BE"
"Salacia elliptica","T.B","B","T","1","BE","T1BE"
"Salacia impressifolia","L.B","B","L",".","BE","L.BE"
"Salacia impressifolia","L.B","B","L",".","BE","L.BE"
"Salix exilifolia","T.B","B","T","1","BD","T1BD"
"Salix taxifolia","T.B","B","T","1","BD","T1BD"
"Sapium macrocarpum","T.B","B","T","1","BE","T1BE"
"Sapium macrocarpum","T.B","B","T","1","BE","T1BE"
"Sapium pachystachys","T.B","B","T","1","BE","T1BE"
"Sarcaulus brasiliensis","T.B","B","T","1","BE","T1BE"
"Schizaea dichotoma","H.FE","FE","H","2","F","H2F"
"Serjania atrolineata","L.B","B","L",".","BD","L.BD"
"Serjania atrolineata","L.B","B","L",".","BD","L.BD"
"Serjania circumvallata","L.B","B","L",".","BD","L.BD"
"Serjania mexicana","L.B","B","L",".","BD","L.BD"
"Serjania trachygona","L.B","B","L",".","BE","L.BE"
"Sloanea brachytepala","T.B","B","T","2","BE","T2BE"
"Sloanea jamaicensis","T.B","B","T","2","BE","T2BE"
"Smilax mollis","L.B","B","L",".","BE","L.BE"
"Smilax panamensis","L.B","B","L",".","BE","L.BE"
"Smilax spinosa","L.B","B","L",".","BE","L.BE"
"Smilax spissa","L.B","B","L",".","BE","L.BE"
"Smilax hispida","L.BD","BD","L",".","BE","L.BE"
"Solanum arboreum","S.BE","BE","S","1","BD","S1BD"
"Solanum splendens","T.BE","BE","T","1","BD","T1BD"
"Solanum hayesii","T.BE","BE","T","1","BD","T1BD"
"Solanum schlechtendalianum","T.BE","BE","T","1","BD","T1BD"
"Solanum steyermarkii","S.B","B","S","1","BD","S1BD"
"Souroubea sympetala","L.B","B","L",".","BE","L.BE"
"Spachea elegans","T.B","B","T","1","BE","T1BE"
"Stachytarpheta acuminata","S.B","B","S","2","BE","S2BE"
"Stachytarpheta acuminata","S.B","B","S","2","BE","S2BE"
"Stachytarpheta jamaicensis","S.B","B","S","2","BE","S2BE"
"Sterculia costaricana","T.BD","BD","T","1","BE","T1BE"
"Sterculia recordiana","T.BD","BD","T","1","BE","T1BE"
"Strychnos toxifera","T.B","B","T","1","BE","T1BE"
"Stylogyne turbacensis","S.B","B","S","2","BE","S2BE"
"Swartzia myrtifolia","T.B","B","T","1","BE","T1BE"
"Talisia hexaphylla","T.B","B","T","1","BE","T1BE"
"Terminalia buceras","T.B","B","T","2","BE","T2BE"
"Terminalia buceras","T.B","B","T","2","BE","T2BE"
"Terminalia latifolia","S.B","B","S","2","BE","S2BE"
"Terminalia lucida","T.B","B","T","2","BD","T2BD"
"Terminalia molinetii","T.B","B","T","1","BD","T1BD"
"Tetracera hydrophila","L.B","B","L",".","BE","L.BE"
"Tetracera portobellensis","L.B","B","L",".","BE","L.BE"
"Tetracera willdenowiana","L.B","B","L",".","BE","L.BE"
"Tetrathylacium macrophyllum","T.B","B","T","1","BE","T1BE"
"Thelypteris lingulata","H.FE","FE","H","2","F","H2F"
"Christella quadrangularis","H.FE","FE","H","2","F","H2F"
"Thinouia myriantha","T.B","B","T","1","BE","T1BE"
"Tithonia calva","S.B","B","S","1","BE","S1BE"
"Tithonia calva","S.B","B","S","1","BE","S1BE"
"Trichilia americana","S.B","B","S","1","BE","S1BE"
"Trichilia americana","S.B","B","S","1","BE","S1BE"
"Trichilia havanensis","S.B","B","S","1","BE","S1BE"
"Trichilia pleeana","S.B","B","S","1","BE","S1BE"
"Trichilia pleeana","S.B","B","S","1","BE","S1BE"
"Trichomanes vittaria","H.FE","FE","H","2","F","H2F"
"Triumfetta brevipes","S.B","B","S","1","BE","S1BE"
"Triumfetta brevipes","S.B","B","S","1","BE","S1BE"
"Triumfetta polyandra","S.B","B","S","1","BE","S1BE"
"Ulmus mexicana","T.B","B","T","1","BD","T1BD"
"Uncaria tomentosa","L.B","B","L",".","BE","L.BE"
"Utricularia benjaminiana","H.F","F","H","2","A","H2A"
"Vaccinium consanguineum","S.BE","BE","S","2","BD","S2BD"
"Vaccinium floribundum","S.BE","BE","S","2","BD","S2BD"
"Vachellia acuifera","T.B","B","T","1","BD","T1BD"
"Vachellia mayana","T.BE","BE","T","1","BD","T1BD"
"Valeriana candolleana","H.FV","FV","H","2","F","H2F"
"Vauquelinia australis","S.B","B","S","1","BD","S1BD"
"Verbesina myriocephala","T.B","B","T","1","BE","T1BE"
"Verbesina myriocephala","T.B","B","T","1","BE","T1BE"
"Verbesina serrata","S.B","B","S","1","BE","S1BE"
"Vitex cymosa","T.BD","BD","T","1","BE","T1BE"
"Weinmannia wercklei","S.B","B","S","2","BE","S2BE"
"Wittmackanthus stanleyanus","T.B","B","T","1","BE","T1BE"
"Xylosma oligandra","S.B","B","S","1","BE","S1BE"
"Xylosma oligandra","S.B","B","S","1","BE","S1BE"
"Zanthoxylum riedelianum","T.B","B","T","1","BE","T1BE"
"Zanthoxylum setulosum","T.BD","BD","T","1","BE","T1BE"
"Ziziphus cinnamomum","T.BD","BD","T","1","BE","T1BE"
"Zygia latifolia","T.B","B","T","1","BE","T1BE"
"Zygia longifolia","T.B","B","T","1","BE","T1BE"
